{
  "result": {
    "item": "icbmclassic:launcherscreen",
    "data": 2,
    "count": 1
  },
  "pattern": [
    "gsg",
    "gcg",
    "gwg"
  ],
  "type": "minecraft:crafting_shaped",
  "key": {
    "g": {
      "type": "forge:ore_dict",
      "ore": "ingotSteel"
    },
    "c": {
      "type": "forge:ore_dict",
      "ore": "circuitElite"
    },
    "w": {
      "type": "forge:ore_dict",
      "ore": "wireGold"
    },
    "s": {
      "item": "icbmclassic:launcherscreen",
      "data": 1
    }
  }
}
