{
  "result": {
    "item": "icbmclassic:launcherscreen",
    "data": 1,
    "count": 1
  },
  "pattern": [
    "isi",
    "ici",
    "iwi"
  ],
  "type": "minecraft:crafting_shaped",
  "key": {
    "i": {
      "type": "forge:ore_dict",
      "ore": "ingotIron"
    },
    "c": {
      "type": "forge:ore_dict",
      "ore": "circuitAdvanced"
    },
    "w": {
      "type": "forge:ore_dict",
      "ore": "wireCopper"
    },
    "s": {
      "item": "icbmclassic:launcherscreen",
      "data": 0
    }
  }
}
