{
  "result": {
    "item": "icbmclassic:emptower",
    "data": 0,
    "count": 1
  },
  "pattern": [
    "pwp",
    "ece",
    "prp"
  ],
  "type": "minecraft:crafting_shaped",
  "key": {
    "w": {
      "type": "forge:ore_dict",
      "ore": "wireGold"
    },
    "c": {
      "type": "forge:ore_dict",
      "ore": "circuitElite"
    },
    "p": {
      "type": "forge:ore_dict",
      "ore": "plateSteel"
    },
    "r": {
      "item": "minecraft:redstone",
      "data": 0
    },
    "e": {
      "item": "icbmclassic:battery",
      "data": 0
    }
  }
}
