{
  "forge_marker": 1,
  "defaults": {
    "model": "icbmclassic:missiles/tier4/missile_redmatter.obj",
    "transform": {
      "thirdperson_lefthand": {
        "rotation": [
          {
            "x": 90
          },
          {
            "y": 0
          },
          {
            "z": 0
          }
        ],
        "translation": [
          -0.1,
          0,
          0
        ],
        "scale": 0.25
      },
      "thirdperson_righthand": {
        "rotation": [
          {
            "x": 90
          },
          {
            "y": 0
          },
          {
            "z": 0
          }
        ],
        "translation": [
          0.1,
          0,
          0
        ],
        "scale": 0.25
      },
      "gui": {
        "rotation": [
          {
            "x": 45
          },
          {
            "y": 0
          },
          {
            "z": 45
          }
        ],
        "translation": [
          0.3,
          -0.2,
          0
        ],
        "scale": 0.25
      },
      "firstperson_righthand": {
        "rotation": [
          {
            "x": 0
          },
          {
            "y": 0
          },
          {
            "z": 0
          }
        ],
        "translation": [
          0.3,
          0,
          0
        ],
        "scale": 0.25
      },
      "firstperson_lefthand": {
        "rotation": [
          {
            "x": 0
          },
          {
            "y": 0
          },
          {
            "z": 0
          }
        ],
        "translation": [
          0,
          0,
          0
        ],
        "scale": 0.25
      },
      "ground": {
        "rotation": [
          {
            "x": 0
          },
          {
            "y": 0
          },
          {
            "z": 0
          }
        ],
        "translation": [
          0.11,
          0,
          0.11
        ],
        "scale": 0.3
      }
    }
  },
  "variants": {
    "normal": [
      {}
    ],
    "inventory": [
      {}
    ]
  }
}

