{
  "result": {
    "item": "icbmclassic:remotedetonator",
    "data": 0,
    "count": 1
  },
  "pattern": [
    "iri",
    "ici",
    "ibi"
  ],
  "type": "minecraft:crafting_shaped",
  "key": {
    "r": {
      "item": "minecraft:redstone_torch",
      "data": 0
    },
    "b": {
      "item": "minecraft:wooden_button",
      "data": 0
    },
    "i": {
      "type": "forge:ore_dict",
      "ore": "ingotSteel"
    },
    "c": {
      "type": "forge:ore_dict",
      "ore": "circuitAdvanced"
    }
  }
}
