{
  "result": {
    "item": "icbmclassic:rocketlauncher",
    "data": 0,
    "count": 1
  },
  "pattern": [
    "sss",
    "rcg",
    "w w"
  ],
  "type": "minecraft:crafting_shaped",
  "key": {
    "r": {
      "item": "icbmclassic:radargun",
      "data": 0
    },
    "s": {
      "type": "forge:ore_dict",
      "ore": "ingotSteel"
    },
    "c": {
      "type": "forge:ore_dict",
      "ore": "circuitBasic"
    },
    "g": {
      "type": "forge:ore_dict",
      "ore": "wireCopper"
    },
    "w": {
      "type": "forge:ore_dict",
      "ore": "plankWood"
    }
  }
}
