{
  "result": {
    "item": "icbmclassic:tracker",
    "data": 0,
    "count": 1
  },
  "pattern": [
    " b ",
    "iri",
    "ici"
  ],
  "type": "minecraft:crafting_shaped",
  "key": {
    "r": {
      "item": "minecraft:repeater",
      "data": 0
    },
    "i": {
      "type": "forge:ore_dict",
      "ore": "ingotIron"
    },
    "c": {
      "type": "forge:ore_dict",
      "ore": "circuitBasic"
    },
    "b": {
      "item": "minecraft:compass",
      "data": 0
    }
  }
}
