{
  "forge_marker": 1,
  "defaults": {
    "model": "cube_all",
    "textures": {
      "particle": "icbmclassic:blocks/explosive_base_3",
      "down": "icbmclassic:blocks/explosive_bottom_3",
      "up": "icbmclassic:blocks/explosive_exothermic_top",
      "north": "icbmclassic:blocks/explosive_exothermic_side",
      "east": "icbmclassic:blocks/explosive_exothermic_side",
      "south": "icbmclassic:blocks/explosive_exothermic_side",
      "west": "icbmclassic:blocks/explosive_exothermic_side"
    }
  },
  "variants": {
    "normal": [
      {}
    ],
    "inventory": [
      {}
    ],
    "explosive": {
      "icbmclassic_exothermic": {
      }
    },
    "rotation": {
      "up": {},
      "down": {
        "x": 180
      },
      "north": {
        "x": 90
      },
      "south": {
        "x": 270
      },
      "east": {
        "x": 90,
        "y": 90
      },
      "west": {
        "x": 90,
        "y": 270
      }
    }
  }
}

