{
  "result": {
    "item": "icbmclassic:missile",
    "data": 26,
    "count": 1
  },
  "pattern": [
    "c",
    "e",
    "m"
  ],
  "type": "minecraft:crafting_shaped",
  "key": {
    "m": {
      "item": "icbmclassic:missile",
      "data": 24
    },
    "e": {
      "item": "icbmclassic:explosives",
      "data": 0
    },
    "c": {
      "type": "forge:ore_dict",
      "ore": "circuitBasic"
    }
  },
  "conditions": [
    {
      "type": "icbmclassic:ore_value",
      "condition": "true",
      "value": "circuitBasic"
    }
  ]
}
