{
  "forge_marker": 1,
  "defaults": {
    "model": "icbmclassic:item/generated",
    "textures": {
      "layer0": "icbmclassic:items/circuit_basic"
    }
  },
  "variants": {
    "name": {
      "basic": {
        "textures": {
          "layer0": "icbmclassic:items/circuit_basic"
        }
      },
      "advanced": {
        "textures": {
          "layer0": "icbmclassic:items/circuit_advanced"
        }
      },
      "elite": {
        "textures": {
          "layer0": "icbmclassic:items/circuit_elite"
        }
      }
    }
  }
}

