{
  "forge_marker": 1,
  "defaults": {
    "model": "icbmclassic:launcher/support.obj",
    "transform": {
      "thirdperson_lefthand": {
        "rotation": [
          {
            "x": 90
          },
          {
            "y": 0
          },
          {
            "z": 0
          }
        ],
        "translation": [
          -0.25,
          0,
          0
        ],
        "scale": 0.5
      },
      "thirdperson_righthand": {
        "rotation": [
          {
            "x": 90
          },
          {
            "y": 0
          },
          {
            "z": 0
          }
        ],
        "translation": [
          0.25,
          0,
          0
        ],
        "scale": 0.5
      },
      "gui": {
        "rotation": [
          {
            "x": 25
          },
          {
            "y": 45
          },
          {
            "z": 0
          }
        ],
        "translation": [
          0.3,
          -0.2,
          0
        ],
        "scale": [0.5, 0.2, 0.5]
      },
      "firstperson_righthand": {
        "rotation": [
          {
            "x": 0
          },
          {
            "y": 0
          },
          {
            "z": 0
          }
        ],
        "translation": [
          0.3,
          0,
          0
        ],
        "scale": 0.5
      },
      "firstperson_lefthand": {
        "rotation": [
          {
            "x": 0
          },
          {
            "y": 0
          },
          {
            "z": 0
          }
        ],
        "translation": [
          0,
          0,
          0
        ],
        "scale": 0.5
      },
      "ground": {
        "rotation": [
          {
            "x": 0
          },
          {
            "y": 0
          },
          {
            "z": 0
          }
        ],
        "translation": [
          0.11,
          0,
          0.11
        ],
        "scale": 0.3
      }
    }
  },
  "variants": {
    "tier": {
      "one" :
      {
        "model": "icbmclassic:launcher/support.obj"
      },
      "two" :
      {
        "model": "icbmclassic:launcher/support.obj"
      },
      "three" :
      {
        "model": "icbmclassic:launcher/support.obj"
      }
    },
    "rotation": {
      "up": {},
      "down": {
        "x": 180
      },
      "north": {
        "x": 90
      },
      "south": {
        "x": 270
      },
      "east": {
        "x": 90,
        "y": 90
      },
      "west": {
        "x": 90,
        "y": 270
      }
    }
  }
}

