{
  "forge_marker": 1,
  "defaults": {
    "model": "icbmclassic:launcher/screen.obj",
    "transform": {
      "thirdperson_lefthand": {
        "rotation": [
          {
            "x": 0
          },
          {
            "y": 0
          },
          {
            "z": 0
          }
        ],
        "translation": [
          -0.25,
          0.2,
          0.3
        ],
        "scale": 0.5
      },
      "thirdperson_righthand": {
        "rotation": [
          {
            "x": 0
          },
          {
            "y": 0
          },
          {
            "z": 0
          }
        ],
        "translation": [
          0.25,
          0.2,
          0.3
        ],
        "scale": 0.5
      },
      "gui": {
        "rotation": [
          {
            "x": 25
          },
          {
            "y": 225
          },
          {
            "z": 0
          }
        ],
        "translation": [
          -0.7,
          0.1,
          0
        ],
        "scale": 1
      },
      "firstperson_righthand": {
        "rotation": [
          {
            "x": 0
          },
          {
            "y": 180
          },
          {
            "z": 0
          }
        ],
        "translation": [
          0,
          0,
          -1
        ],
        "scale": 1
      },
      "firstperson_lefthand": {
        "rotation": [
          {
            "x": 0
          },
          {
            "y": 180
          },
          {
            "z": 0
          }
        ],
        "translation": [
          1,
          0,
          -1
        ],
        "scale": 1
      },
      "ground": {
        "rotation": [
          {
            "x": 0
          },
          {
            "y": 0
          },
          {
            "z": 0
          }
        ],
        "translation": [
          0.11,
          0,
          0.11
        ],
        "scale": 1
      }
    }
  },
  "variants": {
    "tier": {
      "one": {
        "model": "icbmclassic:launcher/screen.obj"
      },
      "two": {
        "model": "icbmclassic:launcher/screen_tier_2.obj"
      },
      "three": {
        "model": "icbmclassic:launcher/screen_tier_3.obj",
        "transform": {
          "thirdperson_lefthand": {
            "rotation": [
              {
                "x": 0
              },
              {
                "y": 0
              },
              {
                "z": 0
              }
            ],
            "translation": [
              -0.25,
              0.2,
              0.3
            ],
            "scale": 0.5
          },
          "thirdperson_righthand": {
            "rotation": [
              {
                "x": 0
              },
              {
                "y": 0
              },
              {
                "z": 0
              }
            ],
            "translation": [
              0.25,
              0.2,
              0.3
            ],
            "scale": 0.5
          },
          "gui": {
            "rotation": [
              {
                "x": 25
              },
              {
                "y": 225
              },
              {
                "z": 0
              }
            ],
            "translation": [
              -0.5,
              -0.05,
              0
            ],
            "scale": 0.7
          },
          "firstperson_righthand": {
            "rotation": [
              {
                "x": 0
              },
              {
                "y": 180
              },
              {
                "z": 0
              }
            ],
            "translation": [
              0,
              0,
              -1
            ],
            "scale": 1
          },
          "firstperson_lefthand": {
            "rotation": [
              {
                "x": 0
              },
              {
                "y": 180
              },
              {
                "z": 0
              }
            ],
            "translation": [
              1,
              0,
              -1
            ],
            "scale": 1
          },
          "ground": {
            "rotation": [
              {
                "x": 0
              },
              {
                "y": 0
              },
              {
                "z": 0
              }
            ],
            "translation": [
              0.11,
              0,
              0.11
            ],
            "scale": 1
          }
        }
      }
    },
    "rotation": {
      "up": {},
      "down": {
        "x": 180
      },
      "north": {
        "x": 90
      },
      "south": {
        "x": 270
      },
      "east": {
        "x": 90,
        "y": 90
      },
      "west": {
        "x": 90,
        "y": 270
      }
    }
  }
}

