{
  "forge_marker": 1,
  "defaults": {
    "model": "icbmclassic:rocket_launcher.obj"
  },
  "variants": {
    "inventory": [
      {
        "transform": {
          "thirdperson_lefthand": {
            "rotation": [ { "x": 0 }, { "y": 0 }, { "z": 0 } ],
            "translation": [ -0.55, 0.3, 0.45 ],
            "scale": 1
          },
          "thirdperson_righthand": {
            "rotation": [ { "x": 0 }, { "y": 0 }, { "z": 0 } ],
            "translation": [ 0.55, 0.3, 0.45 ],
            "scale": 1
          },
          "gui": {
            "rotation": [ { "x": 45 }, { "y": 45 }, { "z": 0 } ],
            "translation": [ 0.3, 0.1, 0 ],
            "scale": 0.5
          },
          "firstperson_righthand": {
            "rotation": [ { "x": 30 }, { "y": 15 }, { "z": 0 } ],
            "translation": [ 2, 0, 1.3 ],
            "scale": 1.8
          },
          "firstperson_lefthand": {
            "rotation": [ { "x": 30 }, { "y": 15 }, { "z": 0 } ],
            "translation": [ 0.1, 0, 1.4 ],
            "scale": 1.8
          },
          "ground": {
            "rotation": [ { "x": 0 }, { "y": 0 }, { "z": 0 } ],
            "translation": [ 0, 0.3, 0.2 ],
            "scale": 1
          }
        }
      }
    ]
  }
}

