{
  "result": {
    "item": "icbmclassic:missile",
    "data": 24,
    "count": 1
  },
  "pattern": [
    " i ",
    "ici",
    "ifi"
  ],
  "type": "minecraft:crafting_shaped",
  "key": {
    "c": {
      "type": "forge:ore_dict",
      "ore": "circuitBasic"
    },
    "i": {
      "type": "forge:ore_dict",
      "ore": "ingotSteel"
    },
    "f": {
      "item": "minecraft:flint_and_steel",
      "data": 0
    }
  },
  "conditions": [
    {
      "type": "forge:and",
      "values": [
        {
          "type": "icbmclassic:ore_value",
          "condition": "true",
          "value": "circuitBasic"
        },
        {
          "type": "icbmclassic:ore_value",
          "condition": "true",
          "value": "ingotSteel"
        }
      ]
    }
  ]
}
