{
  "result": {
    "item": "icbmclassic:battery",
    "data": 0,
    "count": 1
  },
  "pattern": [
    "RCR",
    "PPP",
    "SIS"
  ],
  "type": "minecraft:crafting_shaped",
  "key": {
    "C": {
      "type": "forge:ore_dict",
      "ore": "ingotCopper"
    },
    "I": {
      "type": "forge:ore_dict",
      "ore": "ingotIron"
    },
    "S": {
      "type": "forge:ore_dict",
      "ore": "dustSulfur"
    },
    "P": {
      "type": "forge:ore_dict",
      "ore": "paper"
    },
    "R": {
      "item" :"minecraft:redstone",
      "data": 0
    }
  }
}
