{
  "result": {
    "item": "icbmclassic:circuit",
    "data": 0,
    "count": 4
  },
  "pattern": [
    "rcr",
    "iii",
    "bbb"
  ],
  "type": "minecraft:crafting_shaped",
  "key": {
    "i": {
      "type": "forge:ore_dict",
      "ore": "ingotCopper"
    },
    "c": {
      "item": "minecraft:clay_ball",
      "data": 0
    },
    "r": {
      "item": "minecraft:redstone",
      "data": 0
    },
    "b": {
      "type": "forge:ore_dict",
      "ore": "plankWood"
    }
  }
}
