{
  "result": {
    "item": "icbmclassic:circuit",
    "data": 1,
    "count": 1
  },
  "pattern": [
    "wcw",
    "ibi",
    "wcw"
  ],
  "type": "minecraft:crafting_shaped",
  "key": {
    "w": {
      "type": "forge:ore_dict",
      "ore": "wireCopper"
    },
    "c": {
      "type": "forge:ore_dict",
      "ore": "ingotCopper"
    },
    "i": {
      "item": "minecraft:redstone_torch",
      "data": 0
    },
    "b": {
      "type": "forge:ore_dict",
      "ore": "circuitBasic"
    }
  }
}
